Domain Code,Domain,Area Code (M49),Area,Element Code,Element,Item Code (CPC),Item,Year Code,Year,Unit,Value,Flag,Flag Description,Note
"QCL","Crops and livestock products","159","China","5312","Area harvested","0113","Rice","1964","1964","ha","30348646","A","Official value",""
"QCL","Crops and livestock products","159","China","5412","Yield","0113","Rice","1964","1964","kg/ha","2828.9","A","Official value",""
"QCL","Crops and livestock products","159","China","5510","Production","0113","Rice","1964","1964","t","85853775","A","Official value",""
"QCL","Crops and livestock products","159","China","5312","Area harvested","0113","Rice","1965","1965","ha","30574546","A","Official value",""
"QCL","Crops and livestock products","159","China","5412","Yield","0113","Rice","1965","1965","kg/ha","2966.7","A","Official value",""
"QCL","Crops and livestock products","159","China","5510","Production","0113","Rice","1965","1965","t","90705628","A","Official value",""
"QCL","Crops and livestock products","159","China","5312","Area harvested","0113","Rice","1966","1966","ha","31294469","A","Official value",""
"QCL","Crops and livestock products","159","China","5412","Yield","0113","Rice","1966","1966","kg/ha","3144.5","A","Official value",""
"QCL","Crops and livestock products","159","China","5510","Production","0113","Rice","1966","1966","t","98403988","A","Official value",""
"QCL","Crops and livestock products","159","China","5312","Area harvested","0113","Rice","1967","1967","ha","31198309","A","Official value",""
"QCL","Crops and livestock products","159","China","5412","Yield","0113","Rice","1967","1967","kg/ha","3100.6","A","Official value",""
"QCL","Crops and livestock products","159","China","5510","Production","0113","Rice","1967","1967","t","96734821","A","Official value",""
"QCL","Crops and livestock products","159","China","5312","Area harvested","0113","Rice","1968","1968","ha","30662955","A","Official value",""
"QCL","Crops and livestock products","159","China","5412","Yield","0113","Rice","1968","1968","kg/ha","3186.8","A","Official value",""
"QCL","Crops and livestock products","159","China","5510","Production","0113","Rice","1968","1968","t","97716770","A","Official value",""
"QCL","Crops and livestock products","159","China","5312","Area harvested","0113","Rice","1969","1969","ha","31195067","A","Official value",""
"QCL","Crops and livestock products","159","China","5412","Yield","0113","Rice","1969","1969","kg/ha","3141.5","A","Official value",""
"QCL","Crops and livestock products","159","China","5510","Production","0113","Rice","1969","1969","t","97998501","A","Official value",""
"QCL","Crops and livestock products","159","China","5312","Area harvested","0113","Rice","1970","1970","ha","33107861","A","Official value",""
"QCL","Crops and livestock products","159","China","5412","Yield","0113","Rice","1970","1970","kg/ha","3416.2","A","Official value",""
"QCL","Crops and livestock products","159","China","5510","Production","0113","Rice","1970","1970","t","113101872","A","Official value",""
"QCL","Crops and livestock products","159","China","5312","Area harvested","0113","Rice","1971","1971","ha","35639661","A","Official value",""
"QCL","Crops and livestock products","159","China","5412","Yield","0113","Rice","1971","1971","kg/ha","3314.5","A","Official value",""
"QCL","Crops and livestock products","159","China","5510","Production","0113","Rice","1971","1971","t","118129217","A","Official value",""
"QCL","Crops and livestock products","159","China","5312","Area harvested","0113","Rice","1972","1972","ha","35851803","A","Official value",""
"QCL","Crops and livestock products","159","China","5412","Yield","0113","Rice","1972","1972","kg/ha","3247.5","A","Official value",""
"QCL","Crops and livestock products","159","China","5510","Production","0113","Rice","1972","1972","t","116428568","A","Official value",""
"QCL","Crops and livestock products","159","China","5312","Area harvested","0113","Rice","1973","1973","ha","35781152","A","Official value",""
"QCL","Crops and livestock products","159","China","5412","Yield","0113","Rice","1973","1973","kg/ha","3481.8","A","Official value",""
"QCL","Crops and livestock products","159","China","5510","Production","0113","Rice","1973","1973","t","124584102","A","Official value",""
"QCL","Crops and livestock products","159","China","5312","Area harvested","0113","Rice","1974","1974","ha","36254906","A","Official value",""
"QCL","Crops and livestock products","159","China","5412","Yield","0113","Rice","1974","1974","kg/ha","3503.3","A","Official value",""
"QCL","Crops and livestock products","159","China","5510","Production","0113","Rice","1974","1974","t","127010746","A","Official value",""
"QCL","Crops and livestock products","159","China","5312","Area harvested","0113","Rice","1975","1975","ha","36483983","A","Official value",""
"QCL","Crops and livestock products","159","China","5412","Yield","0113","Rice","1975","1975","kg/ha","3528.3","A","Official value",""
"QCL","Crops and livestock products","159","China","5510","Production","0113","Rice","1975","1975","t","128726268","A","Official value",""
"QCL","Crops and livestock products","159","China","5312","Area harvested","0113","Rice","1976","1976","ha","36969180","A","Official value",""
"QCL","Crops and livestock products","159","China","5412","Yield","0113","Rice","1976","1976","kg/ha","3495.7","A","Official value",""
"QCL","Crops and livestock products","159","China","5510","Production","0113","Rice","1976","1976","t","129231908","A","Official value",""
"QCL","Crops and livestock products","159","China","5312","Area harvested","0113","Rice","1977","1977","ha","36268342","A","Official value",""
"QCL","Crops and livestock products","159","China","5412","Yield","0113","Rice","1977","1977","kg/ha","3637.3","A","Official value",""
"QCL","Crops and livestock products","159","China","5510","Production","0113","Rice","1977","1977","t","131917523","A","Official value",""
"QCL","Crops and livestock products","159","China","5312","Area harvested","0113","Rice","1978","1978","ha","35173502","A","Official value",""
"QCL","Crops and livestock products","159","China","5412","Yield","0113","Rice","1978","1978","kg/ha","3980.9","A","Official value",""
"QCL","Crops and livestock products","159","China","5510","Production","0113","Rice","1978","1978","t","140023847","A","Official value",""
"QCL","Crops and livestock products","159","China","5312","Area harvested","0113","Rice","1979","1979","ha","34559686","A","Official value",""
"QCL","Crops and livestock products","159","China","5412","Yield","0113","Rice","1979","1979","kg/ha","4249.1","A","Official value",""
"QCL","Crops and livestock products","159","China","5510","Production","0113","Rice","1979","1979","t","146846141","A","Official value",""
"QCL","Crops and livestock products","159","China","5312","Area harvested","0113","Rice","1980","1980","ha","34482478","A","Official value",""
"QCL","Crops and livestock products","159","China","5412","Yield","0113","Rice","1980","1980","kg/ha","4143.5","A","Official value",""
"QCL","Crops and livestock products","159","China","5510","Production","0113","Rice","1980","1980","t","142876522","A","Official value",""
"QCL","Crops and livestock products","159","China","5312","Area harvested","0113","Rice","1981","1981","ha","33928110","A","Official value",""
"QCL","Crops and livestock products","159","China","5412","Yield","0113","Rice","1981","1981","kg/ha","4331.5","A","Official value",""
"QCL","Crops and livestock products","159","China","5510","Production","0113","Rice","1981","1981","t","146959846","A","Official value",""
"QCL","Crops and livestock products","159","China","5312","Area harvested","0113","Rice","1982","1982","ha","33697392","A","Official value",""
"QCL","Crops and livestock products","159","China","5412","Yield","0113","Rice","1982","1982","kg/ha","4888.8","A","Official value",""
"QCL","Crops and livestock products","159","China","5510","Production","0113","Rice","1982","1982","t","164741383","A","Official value",""
"QCL","Crops and livestock products","159","China","5312","Area harvested","0113","Rice","1983","1983","ha","33781824","A","Official value",""
"QCL","Crops and livestock products","159","China","5412","Yield","0113","Rice","1983","1983","kg/ha","5091.8","A","Official value",""
"QCL","Crops and livestock products","159","China","5510","Production","0113","Rice","1983","1983","t","172008870","A","Official value",""
"QCL","Crops and livestock products","159","China","5312","Area harvested","0113","Rice","1984","1984","ha","33765103","A","Official value",""
"QCL","Crops and livestock products","159","China","5412","Yield","0113","Rice","1984","1984","kg/ha","5363.4","A","Official value",""
"QCL","Crops and livestock products","159","China","5510","Production","0113","Rice","1984","1984","t","181095752","A","Official value",""
"QCL","Crops and livestock products","159","China","5312","Area harvested","0113","Rice","1985","1985","ha","32633684","A","Official value",""
"QCL","Crops and livestock products","159","China","5412","Yield","0113","Rice","1985","1985","kg/ha","5249.8","A","Official value",""
"QCL","Crops and livestock products","159","China","5510","Production","0113","Rice","1985","1985","t","171318871","A","Official value",""
"QCL","Crops and livestock products","159","China","5312","Area harvested","0113","Rice","1986","1986","ha","32797566","A","Official value",""
"QCL","Crops and livestock products","159","China","5412","Yield","0113","Rice","1986","1986","kg/ha","5327.2","A","Official value",""
"QCL","Crops and livestock products","159","China","5510","Production","0113","Rice","1986","1986","t","174720521","A","Official value",""
"QCL","Crops and livestock products","159","China","5312","Area harvested","0113","Rice","1987","1987","ha","32694296","A","Official value",""
"QCL","Crops and livestock products","159","China","5412","Yield","0113","Rice","1987","1987","kg/ha","5403.5","A","Official value",""
"QCL","Crops and livestock products","159","China","5510","Production","0113","Rice","1987","1987","t","176662482","A","Official value",""
"QCL","Crops and livestock products","159","China","5312","Area harvested","0113","Rice","1988","1988","ha","32458538","A","Official value",""
"QCL","Crops and livestock products","159","China","5412","Yield","0113","Rice","1988","1988","kg/ha","5281.9","A","Official value",""
"QCL","Crops and livestock products","159","China","5510","Production","0113","Rice","1988","1988","t","171441919","A","Official value",""
"QCL","Crops and livestock products","159","China","5312","Area harvested","0113","Rice","1989","1989","ha","33175855","A","Official value",""
"QCL","Crops and livestock products","159","China","5412","Yield","0113","Rice","1989","1989","kg/ha","5500.5","A","Official value",""
"QCL","Crops and livestock products","159","China","5510","Production","0113","Rice","1989","1989","t","182485246","A","Official value",""
"QCL","Crops and livestock products","159","China","5312","Area harvested","0113","Rice","1990","1990","ha","33518971","A","Official value",""
"QCL","Crops and livestock products","159","China","5412","Yield","0113","Rice","1990","1990","kg/ha","5716.6","A","Official value",""
"QCL","Crops and livestock products","159","China","5510","Production","0113","Rice","1990","1990","t","191614680","A","Official value",""
"QCL","Crops and livestock products","159","China","5312","Area harvested","0113","Rice","1991","1991","ha","33018802","A","Official value",""
"QCL","Crops and livestock products","159","China","5412","Yield","0113","Rice","1991","1991","kg/ha","5636.9","A","Official value",""
"QCL","Crops and livestock products","159","China","5510","Production","0113","Rice","1991","1991","t","186124638","A","Official value",""
"QCL","Crops and livestock products","159","China","5312","Area harvested","0113","Rice","1992","1992","ha","32487358","A","Official value",""
"QCL","Crops and livestock products","159","China","5412","Yield","0113","Rice","1992","1992","kg/ha","5795.9","A","Official value",""
"QCL","Crops and livestock products","159","China","5510","Production","0113","Rice","1992","1992","t","188291880","A","Official value",""
"QCL","Crops and livestock products","159","China","5312","Area harvested","0113","Rice","1993","1993","ha","30745927","A","Official value",""
"QCL","Crops and livestock products","159","China","5412","Yield","0113","Rice","1993","1993","kg/ha","5846.2","A","Official value",""
"QCL","Crops and livestock products","159","China","5510","Production","0113","Rice","1993","1993","t","179746933","A","Official value",""
"QCL","Crops and livestock products","159","China","5312","Area harvested","0113","Rice","1994","1994","ha","30537237","A","Official value",""
"QCL","Crops and livestock products","159","China","5412","Yield","0113","Rice","1994","1994","kg/ha","5828.8","A","Official value",""
"QCL","Crops and livestock products","159","China","5510","Production","0113","Rice","1994","1994","t","177994395","A","Official value",""
"QCL","Crops and livestock products","159","China","5312","Area harvested","0113","Rice","1995","1995","ha","31107479","A","Official value",""
"QCL","Crops and livestock products","159","China","5412","Yield","0113","Rice","1995","1995","kg/ha","6021","A","Official value",""
"QCL","Crops and livestock products","159","China","5510","Production","0113","Rice","1995","1995","t","187297968","A","Official value",""
"QCL","Crops and livestock products","159","China","5312","Area harvested","0113","Rice","1996","1996","ha","31753892","A","Official value",""
"QCL","Crops and livestock products","159","China","5412","Yield","0113","Rice","1996","1996","kg/ha","6205","A","Official value",""
"QCL","Crops and livestock products","159","China","5510","Production","0113","Rice","1996","1996","t","197032897","A","Official value",""
"QCL","Crops and livestock products","159","China","5312","Area harvested","0113","Rice","1997","1997","ha","32129200","A","Official value",""
"QCL","Crops and livestock products","159","China","5412","Yield","0113","Rice","1997","1997","kg/ha","6311.1","A","Official value",""
"QCL","Crops and livestock products","159","China","5510","Production","0113","Rice","1997","1997","t","202771843","A","Official value",""
"QCL","Crops and livestock products","159","China","5312","Area harvested","0113","Rice","1998","1998","ha","31571500","A","Official value",""
"QCL","Crops and livestock products","159","China","5412","Yield","0113","Rice","1998","1998","kg/ha","6352.9","A","Official value",""
"QCL","Crops and livestock products","159","China","5510","Production","0113","Rice","1998","1998","t","200571557","A","Official value",""
"QCL","Crops and livestock products","159","China","5312","Area harvested","0113","Rice","1999","1999","ha","31637100","A","Official value",""
"QCL","Crops and livestock products","159","China","5412","Yield","0113","Rice","1999","1999","kg/ha","6334.4","A","Official value",""
"QCL","Crops and livestock products","159","China","5510","Production","0113","Rice","1999","1999","t","200403308","A","Official value",""
"QCL","Crops and livestock products","159","China","5312","Area harvested","0113","Rice","2000","2000","ha","30301320","A","Official value",""
"QCL","Crops and livestock products","159","China","5412","Yield","0113","Rice","2000","2000","kg/ha","6264.2","A","Official value",""
"QCL","Crops and livestock products","159","China","5510","Production","0113","Rice","2000","2000","t","189813760","A","Official value",""
"QCL","Crops and livestock products","159","China","5312","Area harvested","0113","Rice","2001","2001","ha","29143999","A","Official value",""
"QCL","Crops and livestock products","159","China","5412","Yield","0113","Rice","2001","2001","kg/ha","6152.4","A","Official value",""
"QCL","Crops and livestock products","159","China","5510","Production","0113","Rice","2001","2001","t","179304195","A","Official value",""
"QCL","Crops and livestock products","159","China","5312","Area harvested","0113","Rice","2002","2002","ha","28508340","A","Official value",""
"QCL","Crops and livestock products","159","China","5412","Yield","0113","Rice","2002","2002","kg/ha","6185.6","A","Official value",""
"QCL","Crops and livestock products","159","China","5510","Production","0113","Rice","2002","2002","t","176341687","A","Official value",""
"QCL","Crops and livestock products","159","China","5312","Area harvested","0113","Rice","2003","2003","ha","26779954","A","Official value",""
"QCL","Crops and livestock products","159","China","5412","Yield","0113","Rice","2003","2003","kg/ha","6060.6","A","Official value",""
"QCL","Crops and livestock products","159","China","5510","Production","0113","Rice","2003","2003","t","162303880","A","Official value",""
"QCL","Crops and livestock products","159","China","5312","Area harvested","0113","Rice","2004","2004","ha","28615845","A","Official value",""
"QCL","Crops and livestock products","159","China","5412","Yield","0113","Rice","2004","2004","kg/ha","6308.4","A","Official value",""
"QCL","Crops and livestock products","159","China","5510","Production","0113","Rice","2004","2004","t","180521211","A","Official value",""
"QCL","Crops and livestock products","159","China","5312","Area harvested","0113","Rice","2005","2005","ha","29116180","A","Official value",""
"QCL","Crops and livestock products","159","China","5412","Yield","0113","Rice","2005","2005","kg/ha","6252.7","A","Official value",""
"QCL","Crops and livestock products","159","China","5510","Production","0113","Rice","2005","2005","t","182055538","A","Official value",""
"QCL","Crops and livestock products","159","China","5312","Area harvested","0113","Rice","2006","2006","ha","29201080","A","Official value",""
"QCL","Crops and livestock products","159","China","5412","Yield","0113","Rice","2006","2006","kg/ha","6276.4","A","Official value",""
"QCL","Crops and livestock products","159","China","5510","Production","0113","Rice","2006","2006","t","183276448","A","Official value",""
"QCL","Crops and livestock products","159","China","5312","Area harvested","0113","Rice","2007","2007","ha","29232876","A","Official value",""
"QCL","Crops and livestock products","159","China","5412","Yield","0113","Rice","2007","2007","kg/ha","6422.4","A","Official value",""
"QCL","Crops and livestock products","159","China","5510","Production","0113","Rice","2007","2007","t","187744460","A","Official value",""
"QCL","Crops and livestock products","159","China","5312","Area harvested","0113","Rice","2008","2008","ha","29602552","A","Official value",""
"QCL","Crops and livestock products","159","China","5412","Yield","0113","Rice","2008","2008","kg/ha","6555.8","A","Official value",""
"QCL","Crops and livestock products","159","China","5510","Production","0113","Rice","2008","2008","t","194069375","A","Official value",""
"QCL","Crops and livestock products","159","China","5312","Area harvested","0113","Rice","2009","2009","ha","30047610","A","Official value",""
"QCL","Crops and livestock products","159","China","5412","Yield","0113","Rice","2009","2009","kg/ha","6582","A","Official value",""
"QCL","Crops and livestock products","159","China","5510","Production","0113","Rice","2009","2009","t","197774869","A","Official value",""
"QCL","Crops and livestock products","159","China","5312","Area harvested","0113","Rice","2010","2010","ha","30340762","A","Official value",""
"QCL","Crops and livestock products","159","China","5412","Yield","0113","Rice","2010","2010","kg/ha","6548.2","A","Official value",""
"QCL","Crops and livestock products","159","China","5510","Production","0113","Rice","2010","2010","t","198676711","A","Official value",""
"QCL","Crops and livestock products","159","China","5312","Area harvested","0113","Rice","2011","2011","ha","30592655","A","Official value",""
"QCL","Crops and livestock products","159","China","5412","Yield","0113","Rice","2011","2011","kg/ha","6686.2","A","Official value",""
"QCL","Crops and livestock products","159","China","5510","Production","0113","Rice","2011","2011","t","204548773","A","Official value",""
"QCL","Crops and livestock products","159","China","5312","Area harvested","0113","Rice","2012","2012","ha","30736763","A","Official value",""
"QCL","Crops and livestock products","159","China","5412","Yield","0113","Rice","2012","2012","kg/ha","6774.7","A","Official value",""
"QCL","Crops and livestock products","159","China","5510","Production","0113","Rice","2012","2012","t","208232529","A","Official value",""
"QCL","Crops and livestock products","159","China","5312","Area harvested","0113","Rice","2013","2013","ha","30979865","A","Official value",""
"QCL","Crops and livestock products","159","China","5412","Yield","0113","Rice","2013","2013","kg/ha","6710","A","Official value",""
"QCL","Crops and livestock products","159","China","5510","Production","0113","Rice","2013","2013","t","207875104","A","Official value",""
"QCL","Crops and livestock products","159","China","5312","Area harvested","0113","Rice","2014","2014","ha","31036151","A","Official value",""
"QCL","Crops and livestock products","159","China","5412","Yield","0113","Rice","2014","2014","kg/ha","6809.5","A","Official value",""
"QCL","Crops and livestock products","159","China","5510","Production","0113","Rice","2014","2014","t","211341310","A","Official value",""
"QCL","Crops and livestock products","159","China","5312","Area harvested","0113","Rice","2015","2015","ha","31035861","A","Official value",""
"QCL","Crops and livestock products","159","China","5412","Yield","0113","Rice","2015","2015","kg/ha","6886.3","A","Official value",""
"QCL","Crops and livestock products","159","China","5510","Production","0113","Rice","2015","2015","t","213723732","A","Official value",""
"QCL","Crops and livestock products","159","China","5312","Area harvested","0113","Rice","2016","2016","ha","31019837","A","Official value",""
"QCL","Crops and livestock products","159","China","5412","Yield","0113","Rice","2016","2016","kg/ha","6856.3","A","Official value",""
"QCL","Crops and livestock products","159","China","5510","Production","0113","Rice","2016","2016","t","212681776","A","Official value",""
"QCL","Crops and livestock products","159","China","5312","Area harvested","0113","Rice","2017","2017","ha","31021867","A","Official value",""
"QCL","Crops and livestock products","159","China","5412","Yield","0113","Rice","2017","2017","kg/ha","6912.2","A","Official value",""
"QCL","Crops and livestock products","159","China","5510","Production","0113","Rice","2017","2017","t","214429949","A","Official value",""
"QCL","Crops and livestock products","159","China","5312","Area harvested","0113","Rice","2018","2018","ha","30460956","A","Official value",""
"QCL","Crops and livestock products","159","China","5412","Yield","0113","Rice","2018","2018","kg/ha","7028","A","Official value",""
"QCL","Crops and livestock products","159","China","5510","Production","0113","Rice","2018","2018","t","214078796","A","Official value",""
"QCL","Crops and livestock products","159","China","5312","Area harvested","0113","Rice","2019","2019","ha","29960066","A","Official value",""
"QCL","Crops and livestock products","159","China","5412","Yield","0113","Rice","2019","2019","kg/ha","7056.2","A","Official value",""
"QCL","Crops and livestock products","159","China","5510","Production","0113","Rice","2019","2019","t","211405211","A","Official value",""
"QCL","Crops and livestock products","159","China","5312","Area harvested","0113","Rice","2020","2020","ha","30341784","A","Official value",""
"QCL","Crops and livestock products","159","China","5412","Yield","0113","Rice","2020","2020","kg/ha","7040.2","A","Official value",""
"QCL","Crops and livestock products","159","China","5510","Production","0113","Rice","2020","2020","t","213610729","A","Official value",""
"QCL","Crops and livestock products","159","China","5312","Area harvested","0113","Rice","2021","2021","ha","30145222","A","Official value",""
"QCL","Crops and livestock products","159","China","5412","Yield","0113","Rice","2021","2021","kg/ha","7112.4","A","Official value",""
"QCL","Crops and livestock products","159","China","5510","Production","0113","Rice","2021","2021","t","214403870","A","Official value",""
"QCL","Crops and livestock products","159","China","5312","Area harvested","0113","Rice","2022","2022","ha","29688701","A","Official value",""
"QCL","Crops and livestock products","159","China","5412","Yield","0113","Rice","2022","2022","kg/ha","7075.8","A","Official value",""
"QCL","Crops and livestock products","159","China","5510","Production","0113","Rice","2022","2022","t","210070577","A","Official value",""
"QCL","Crops and livestock products","159","China","5312","Area harvested","0113","Rice","2023","2023","ha","29171513","A","Official value",""
"QCL","Crops and livestock products","159","China","5412","Yield","0113","Rice","2023","2023","kg/ha","7132.4","A","Official value",""
"QCL","Crops and livestock products","159","China","5510","Production","0113","Rice","2023","2023","t","208063574","A","Official value",""
"QCL","Crops and livestock products","159","China","5312","Area harvested","0113","Rice","2024","2024","ha","29256900","A","Official value",""
"QCL","Crops and livestock products","159","China","5412","Yield","0113","Rice","2024","2024","kg/ha","7149.5","A","Official value",""
"QCL","Crops and livestock products","159","China","5510","Production","0113","Rice","2024","2024","t","209173000","A","Official value",""
